category,median_of_medians,std_of_medians
A,6.2,1.4365013052552371
B,5.12,1.1106547618409601
C,4.79,1.1436590400989275
D,4.02,1.1673457071493432
