category,median_of_medians,std_of_medians
A,5.65,1.1211538699036807
B,5.76,1.4509293573430788
C,5.41,0.5701754116059371
D,5.32,1.1187939935484101
